[
  {
    "Id": 1,
    "img": "faq/3.jpg",
    "date": "15 April 2022",
    "writer": "Admin",
    "hits": "0",
    "short_description": ["PFluffy soft kind to sensitive skin warm and cosy contrast cuffs ankles and neckline motif all-over floral design. Strech lining hemline above knee burgundy satin finish concealed zip small buttons rayon. "],
    "title": "Web Design"
  },
  {
    "Id": 2,
    "img": "faq/2.jpg",
    "date": "15 April 2022",
    "writer": "Admin",
    "hits": "0",
    "short_description": ["PFluffy soft kind to sensitive skin warm and cosy contrast cuffs ankles and neckline motif all-over floral design. Strech lining hemline above knee burgundy satin finish concealed zip small buttons rayon. "],
    "title": "UX Design"
  },
  {
    "Id": 3,
    "img": "faq/2.jpg",
    "date": "15 April 2022",
    "writer": "Admin",
    "hits": "0",
    "short_description": ["PFluffy soft kind to sensitive skin warm and cosy contrast cuffs ankles and neckline motif all-over floral design. Strech lining hemline above knee burgundy satin finish concealed zip small buttons rayon. "],
    "title": "Web Design"
  },
  {
    "Id": 4,
    "img": "faq/1.jpg",
    "date": "15 April 2022",
    "writer": "Admin",
    "hits": "0",
    "short_description": ["PFluffy soft kind to sensitive skin warm and cosy contrast cuffs ankles and neckline motif all-over floral design. Strech lining hemline above knee burgundy satin finish concealed zip small buttons rayon. "],
    "title": "Web Development"
  },
  {
    "Id": 5,
    "img": "faq/3.jpg",
    "date": "15 April 2022",
    "writer": "Admin",
    "hits": "0",
    "short_description": ["PFluffy soft kind to sensitive skin warm and cosy contrast cuffs ankles and neckline motif all-over floral design. Strech lining hemline above knee burgundy satin finish concealed zip small buttons rayon. "],
    "title": "UI Design"
  },
  {
    "Id": 6,
    "img": "faq/2.jpg",
    "date": "15 April 2022",
    "writer": "Admin",
    "hits": "0",
    "short_description": ["PFluffy soft kind to sensitive skin warm and cosy contrast cuffs ankles and neckline motif all-over floral design. Strech lining hemline above knee burgundy satin finish concealed zip small buttons rayon. "],
    "title": "UX Design"
  }
]
