[
  {
    "id": 1,
    "title": "PixelStrap - Portfolio | ThemeForest",
    "url": "https://themeforest.net/user/pixelstrap/portfolio/",
    "detail": "2023's best selling creative wp themes. the #1 source of premium wp themes! themeforest 45,000+ wp themes & website templates from $2. check it out!",
    "star": "3 stars",
    "vote": "590 votes",
    "news": "Theme",
    "videoLink": "https://www.youtube.com/embed/CJnfAXlBRTE"
  },
  {
    "id": 2,
    "title": "PixelStrap - Portfolio | ThemeForest",
    "url": "PixelStrap - Portfolio | ThemeForestthemeforest.net › user ›",
    "detail": "the #1 marketplace for premium website templates, including themes for wordpress, magento, drupal, joomla, and more. create a website, fast.",
    "star": "3 stars",
    "vote": "590 votes",
    "news": "Theme",
    "videoLink": "https://www.youtube.com/embed/tRjG45ut8gU"
  },
  {
    "id": 3,
    "title": "Morbi feugiat mauris vel semper fringilla.",
    "url": "https://themeforest.net/user/pixelstrap/portfolio",
    "detail": "cuba introduces a ielts coaching, toefl coaching, gre coaching, gmat coaching, sat coaching in surat.",
    "star": "3 stars",
    "vote": "590 votes",
    "news": "Theme",
    "videoLink": "https://www.youtube.com/embed/-L4gEk7cOfk"
  },
  {
    "id": 4,
    "title": "Morbi feugiat mauris vel semper fringilla.",
    "url": "https://themeforest.net/user/pixelstrap/portfolio",
    "detail": "cuba introduces a ielts coaching, toefl coaching, gre coaching, gmat coaching, sat coaching in surat.",
    "star": "3 stars",
    "vote": "590 votes",
    "news": "Theme",
    "videoLink": "https://www.youtube.com/embed/wpmHZspl4EM"
  },
  {
    "id": 5,
    "title": "Fusce rutrum elit aliquet nisi malesuada cursus.",
    "url": "Wingoeducation.info/",
    "detail": "Wingo introduces a IELTS Coaching, TOEFL Coaching, GRE Coaching, GMAT Coaching, SAT Coaching in Surat.",
    "star": "2.5 stars",
    "vote": "590 votes",
    "news": "Music",
    "videoLink": "https://www.youtube.com/embed/-L4gEk7cOfk"
  }
]
